business_id,business_name,email,business_type,branches
1,Downs Inc,wduncan@sherman.org,transport,"31863 Brown Extension Suite 712, Dominiqueberg, NC 68874|Unit 1559 Box 9358, DPO AP 18500|60846 Stone Glen Apt. 970, Sarahbury, GU 92213|67338 Rose Alley, North Kara, MO 52545|1642 Ramirez Lake, Timbury, OK 62870|36037 Hoover Streets Apt. 790, Lake James, PA 14911|481 Mark Knolls, East Jennabury, IN 15490|662 Crystal Fort, South Julia, VI 80623|95048 Heather Tunnel Suite 807, North Laurenchester, ID 59528|USCGC Peterson, FPO AA 38736"
2,Harvey-Myers,travisballard@douglas.com,online retail,"7171 Miller Square, New Todd, WY 96317|3694 Garrett Ville Apt. 459, New Justinmouth, WA 79605|926 Charles Springs, Matthewchester, IN 37377|641 House Terrace, Chapmanville, OK 46492|130 Gordon Port Apt. 307, East Conniefort, MI 46575|48664 David Fall Suite 796, Lake Andre, FL 75821|615 Donna Groves, Angelaburgh, ND 45714"
3,Melendez LLC,hendersonmatthew@lopez.org,transport,"Unit 3322 Box 2077, DPO AA 96747|Unit 9199 Box 3143, DPO AP 31908|595 Benitez Ports Apt. 691, North Timothyburgh, WA 91625|2305 Cunningham Causeway, Reginaldport, SC 65492|PSC 4194, Box 2428, APO AP 27474|2735 Brittney Crest, South John, OH 86741|5375 Young Springs, Lake Joshuashire, VT 91073|5273 Wood Forge, North Aaron, PR 19636|210 Christina Shores, Port Jimmy, NJ 59894"
4,Sampson Ltd,karen71@rivera.com,online retail,"911 Mason Squares Apt. 892, Marshhaven, IN 99408|641 Linda Squares Apt. 704, Lake Reginastad, ND 93441|Unit 8002 Box 6587, DPO AP 69314"
5,Cole-Brown,bjackson@johnson-jones.net,online retail,"2609 Chris Causeway Apt. 316, Ryanbury, HI 61321|5948 Goodwin Gateway Suite 127, Lake Joseph, NV 89387|48648 Shah Groves, Port Deborah, TN 52664"
6,Murphy Ltd,wongcathy@coffey.com,online retail,"83752 Deborah Islands, Jessicaton, CO 67570|3285 Deanna Valley, East Derekchester, ID 50390|35182 Meagan Junction Suite 313, Brucetown, OR 43399|USNV Brooks, FPO AA 75219|2903 John Groves Apt. 027, New Joshua, WY 35422|466 Lopez Ville, New Lorimouth, FM 93033"
7,"Ferguson, Owens and Turner",ibowen@lopez.info,transport,"5808 Thomas Mills, Lindseystad, NJ 79539|72502 Suarez Fields Suite 400, Lake Feliciastad, AZ 83165|Unit 4174 Box 6828, DPO AE 99228|PSC 3095, Box 6320, APO AA 32701|595 Cheryl Key Suite 242, Annaport, MP 81895"
8,Singh-Adams,dperry@pruitt-walker.com,hotel,"425 Gonzalez Via Suite 136, Port Sherryshire, LA 25383"
9,"Aguirre, Curtis and Romero",lthompson@taylor.com,hotel,"3816 Carlson Village Apt. 472, North Edward, MA 42722|USCGC Morrison, FPO AA 80926|95502 Kim Drive Apt. 110, Port Michaelland, AZ 79020|3335 Brown Inlet, Lake Gregoryfurt, MO 29540|148 Jennifer Port, Watkinsview, WI 86966|8252 Faith Rapid, West Christineland, NC 19449"
10,Luna LLC,iwilson@hernandez-chambers.com,online retail,"39813 Newman Stream Suite 875, Diazberg, AS 46073|50203 Cory Wall Apt. 850, Meganberg, NY 72029|667 Christopher Ranch, Austinfurt, CO 77246|2276 Darryl Wall Suite 828, Chambersmouth, AR 85782|765 Jennifer Haven, Lake Michaelshire, GU 20680|4469 Martin Causeway Apt. 255, Christinafurt, OK 87663|53942 Brown Vista Apt. 422, Port Elizabeth, AZ 68669|68146 Brown Dam, Port Brandy, WV 73516"
11,Butler-Snow,stacy23@jones.com,hotel,"Unit 6150 Box 9273, DPO AE 23370|39989 Anthony Causeway Apt. 608, Shieldsberg, AR 11337|47705 Alex Harbors Suite 622, South Tina, SC 22825|76065 Aaron Rapids Suite 103, Patelport, GA 18364"
12,Mcintyre-Martin,ryan81@lewis.net,online retail,"7393 Sara Wells Apt. 854, Port Brendanshire, KY 87469|4816 Jeffrey Alley, Lake Thomasland, MD 43947|300 Richard Wall Suite 316, Feliciashire, MD 57668|52387 Jerry Fall, Greenchester, NY 67756|PSC 6827, Box 6503, APO AE 92650|PSC 4090, Box 1857, APO AE 42990"
13,Ryan-Wright,erica73@leon.org,hotel,"4948 Wright Fork, Port Michaelside, AR 61465|10500 Stephen Valleys Suite 001, North Codytown, ND 30190|420 Robert Curve, Barrfort, NY 37376|Unit 3412 Box 4250, DPO AE 47505|151 Barker Harbor Apt. 101, Marymouth, MD 09813|0137 Herring Road Apt. 676, Port Rachelland, MI 17564|6431 Hurst Isle, North Jamesport, SC 60286|1901 Peters Fields, Perezbury, AK 80856"
14,Gray-Ferguson,jeffreysimmons@long-oliver.com,online retail,"1359 Waller Springs Suite 900, Jessicahaven, MS 78797|16438 Bennett Mall Suite 679, Schultzmouth, CO 40384|0058 Kimberly Rapids, Pacetown, AS 17527"
15,"Mccarthy, Pham and Hall",victoriadoyle@henson.biz,transport,"904 West Island, Dannyland, MD 07012|709 Roy Shoals Apt. 301, Lake Deborah, MS 73806"
16,Warner-Taylor,daniellefrank@davis-alexander.net,transport,"60739 Katelyn Spring, Bernardhaven, FM 45097|320 Taylor River, Victorshire, MI 58043|Unit 6248 Box 7209, DPO AE 77675|385 Nathan Squares Suite 447, New Robertland, FL 68319|606 Joshua Throughway, Tuckerchester, ID 28467|0336 Kirk Square, New Markborough, AZ 61359|35764 Mckinney Place Apt. 932, Mendozashire, PW 74960"
17,Mercado-Potts,garynunez@smith.biz,transport,"33273 Charles Creek, Williamtown, OH 98528|PSC 1278, Box 1026, APO AP 45498|52918 Michael Island, Stephensberg, IN 81279|2557 David Groves, Lisaview, AR 19274|414 Matthew Parks Suite 891, Garzamouth, MI 26284|3021 Gregory Shoal, South Ambershire, NM 70184"
18,Jones-Webster,andrewgibson@russell.com,online retail,"102 Nguyen Dam, Lake Aliciafurt, FM 42739|942 Joyce Summit, South Bryanfort, NH 12169|7636 Lewis Shore, North Mary, NC 65849|45924 Barber Stream Suite 183, Hodgemouth, PA 29650|021 Sparks Throughway, South Brianport, ND 70986|276 Samuel Well, East James, MH 88754|56311 Owens Prairie Suite 356, West Brookehaven, AS 11443|181 Taylor Ford Apt. 886, Lake Don, AZ 02780"
19,Berry Group,ellisjenny@reed-powell.org,transport,"15927 Conrad Squares Suite 898, Cherylchester, MD 03990|745 Williams River, Port Gregg, AK 55578|USNV Collins, FPO AE 53286"
20,"Ruiz, Tran and Palmer",cwalsh@combs.com,online retail,"143 Brittany Dale Apt. 865, Port Christina, NC 50775|71418 Alan Fort Apt. 605, Debraborough, HI 94929|86394 Amy Well, Jacksonside, RI 13110"
21,Evans-Green,afrazier@vega.biz,hotel,"745 Elijah Well, Karinahaven, TN 38972|0152 Wright Causeway Suite 038, South Kevin, SD 83501|5176 Carlson Divide, Petersonberg, IN 78534|0679 Carroll Mount, Chadton, KY 13154|1007 Perez Curve, Port Elizabethtown, GA 63820"
22,Nichols and Sons,johnhart@wright-jacobs.com,online retail,"82858 Brett Causeway Apt. 068, Parsonston, VT 27239|Unit 3734 Box 2162, DPO AA 71492|803 Mullins Ranch, East Marcusside, AL 35048|49581 Yvonne Mews, Pattersonfort, KY 84103|USS Torres, FPO AP 55811|1720 Stephen Plaza Apt. 891, Johnsonfurt, PW 36904|1443 Elliott Pine Suite 822, Mauriceborough, IL 70898|9858 Jessica Skyway, Lake Moniquechester, VA 27663"
23,"Payne, Rodriguez and Cruz",johnjames@miles-martinez.com,online retail,"27993 Palmer Port Apt. 325, Andersonstad, IN 44642|151 Gaines Summit, West Yvonneside, FM 52211|47906 Hoover Ridges, Jasminechester, WA 99807|USNS Lambert, FPO AA 41541|5051 Ralph Estates Apt. 347, Lake Elizabeth, MN 23182|40473 Cooper Trail, South Alanborough, SD 85049|542 Garcia Coves, Michellechester, PW 17164|19394 Kelley Hollow Apt. 487, Lauraburgh, NM 56134|3649 Blevins Field, Duranshire, WA 83081|28176 Cook Place, North Arthur, RI 27394"
24,"Collins, Dillon and Richards",maryleonard@alvarez.net,hotel,"9345 Christopher Viaduct Suite 235, South Dustin, WV 41693|082 Gene Prairie Suite 031, Lake Steven, FM 70249|PSC 8444, Box 2048, APO AA 46064|1592 Johnathan Key, West Michael, GU 34017|13236 Kim Dale Suite 937, East Daniel, NV 67935|19591 Joshua Avenue, Richborough, VT 96794|365 Amanda Well Apt. 022, West Davidside, ME 85787|767 Mark Avenue Suite 825, North Allison, KY 26166"
25,"Christian, Johnson and Baker",sarah50@gutierrez.com,online retail,"9320 Walker Square Apt. 515, Phamside, DC 24235|672 James Forges Suite 301, South Lindseyfurt, MH 97247|2067 Holder Manor, West Austin, IL 14876|41290 Morgan Highway, North Caitlinville, WA 98153|9482 Amy Glen, New Alejandroberg, IN 28238|59533 Melanie Ways Apt. 020, Russofurt, NM 88579|2886 Hill Loop, Sanchezside, FM 19801|PSC 9372, Box 7520, APO AA 86989"
26,Wilson PLC,tmendez@bentley.net,online retail,"501 Andrew Tunnel Apt. 872, West Mirandaborough, VA 64196|608 Greene Crossroad, Donaldport, AZ 42677|PSC 2002, Box 6744, APO AA 45941|9650 Jacob Square Apt. 316, East Allisonberg, WY 69143|USNS Harris, FPO AP 85271|50046 Kathryn Wall, Kristinborough, IL 42366"
27,Holland-Lewis,nadkins@hall-sullivan.info,transport,"1405 Anita Dale Apt. 273, Lucasshire, ID 14501|329 Allen Summit, Rileyton, IN 59587|25019 Wells Drive Suite 317, Port Thomastown, WI 90574|31867 Baker Junctions, Port Angela, ME 80995|539 Erica Islands Suite 380, New Carolynshire, WV 23295|3901 Frye Estates, Benjaminview, CT 77684|101 Shelton Shoals Suite 452, Hallberg, MT 06179|63781 Brenda Shores Suite 897, East Eric, IA 49682|56541 Adams Bridge Apt. 810, Michellefurt, ID 59060|17426 Lopez Way, Allenfort, DC 24874"
28,Smith-Ware,watsonwilliam@sharp-ortiz.info,online retail,"377 Tyler Island, North Margaret, MP 65143"
29,"Mccullough, Williams and Patterson",efox@snyder-hernandez.com,transport,"09002 Ruiz Station Apt. 129, New Tommy, NM 37676|79694 Douglas Heights Suite 849, Delgadoton, KY 35714|6799 Anthony Glen, Port William, CO 85459|7670 Little Forest, South Amandashire, LA 32727"
30,Brooks PLC,wwright@rodriguez-woods.com,online retail,"63984 Reed Grove, Paulville, PW 58352|2602 Moore Points, South Heather, SC 75959|2554 Nicholas Mall Suite 525, Bradleymouth, AK 61643|5650 George Village Suite 116, North Jennifer, KY 05115|975 Mcdonald Valley Apt. 769, Port Nicolestad, ME 90947|41702 Heather Fall, Sarahtown, AL 65043|15817 Karen Ranch, Xavierport, AS 58293|33192 Crystal Walk, Nguyenshire, CO 63526|551 Galvan Estates Apt. 371, South Kimberly, NH 43419"
31,Cruz-Horne,leedanielle@phelps.com,hotel,"844 Fowler Fords, Fitzpatrickshire, LA 91566|28479 Carter Drives Suite 688, Port Johnbury, TN 54219"
32,Floyd-Taylor,vhouston@knapp.info,transport,"4871 Martinez Harbor Suite 346, Port Michael, NE 76845|PSC 1887, Box 4153, APO AE 90341|8306 Timothy Green Apt. 573, North Kristen, PW 71954|306 Christopher Drive Apt. 824, Port Deborahchester, NC 93271|0937 Thomas Mountains, Sarahview, VA 21240|8483 Robinson Burgs, Mcgeeshire, LA 92582"
33,"Reynolds, Rose and Whitehead",larry34@moore-howard.info,transport,"824 Chan Valley, Wrightshire, VA 58458|77253 Bass Rue Suite 279, New Stuartside, GA 98407|77056 Richard Vista, New Dana, NM 01641"
34,Joseph Ltd,simmonssabrina@garcia-williams.com,transport,"PSC 5811, Box 6937, APO AE 57248|237 Valerie Manors, Port Jamiemouth, HI 03570|Unit 3777 Box 6812, DPO AA 93770|917 Michael Springs, Floresmouth, MS 29384|71967 Holly Cliffs Apt. 392, Darrenchester, HI 38210|92892 Gonzalez Land Suite 167, Lake Timothy, PR 75163|271 Brandy Field, New Harold, KY 72944|284 Moreno Rapids, North Sean, FM 58744|541 Heidi Brooks, Brianport, NM 01374|26422 Boone Extension Suite 666, New Morgan, NE 46643"
35,Torres-Vasquez,qbarnes@mitchell-white.com,online retail,"6391 Patricia Row Apt. 980, Jeremyland, VI 27559|2867 Timothy Expressway, Brandonberg, PA 78706|426 Kevin Crossing, Emilyburgh, MH 84065"
36,"Moore, Moore and Barrett",catherine74@holland-ibarra.biz,transport,"3272 Pierce Landing Suite 453, Kristiberg, DC 80505|PSC 6069, Box 9740, APO AA 99628|217 Baker Courts Apt. 459, Davisshire, VA 56369|227 Samantha Passage, Mortonfort, NV 67181|30064 Wilson Crossing, New Henrymouth, MI 03750"
37,Combs Group,harold42@terrell-hernandez.biz,transport,"83670 Brooke Road Suite 777, Rachelville, IN 35555"
38,"Gray, Castro and Klein",dennisjason@hernandez.net,hotel,"360 Joseph Forges, South Gabriel, PR 76942|378 Campbell Path, North Rebekah, MI 21317|523 Jennifer Coves, South Davidville, TX 05038|796 Anderson Via Apt. 277, Lake Aaronchester, PA 65842|0748 King Station Apt. 519, Medinaton, WA 33912|8891 Becker Spur, New Dana, IN 79236|413 John Extension, Donnashire, SD 17670"
39,Anderson-Williams,lorihanson@black.com,hotel,"811 Wright Mountains, Fitzgeraldburgh, SD 79779|4986 George Mission, Port Dominic, WI 39273|0335 Jacob Bridge, East Susanchester, VI 12610"
40,"Warren, Anderson and Cole",rowlandemily@pacheco-james.info,transport,"3749 Holly Ramp, Port Charlesville, ID 39309|18532 Jose Plaza, Port Teresa, WA 51807|4372 Michele Trace Suite 131, Janettown, ME 74094|USCGC Cook, FPO AA 86150"
41,Whitaker Inc,logan56@dalton.com,transport,"913 Lindsay Common Suite 689, Lake Deborah, IA 17863|610 Kathryn Wall, Cynthiaside, PA 72632|8893 Keith Cape Apt. 239, Davisside, NH 23389|19590 Patricia Parkways Apt. 251, North Brittany, IL 55466|02686 Brenda Brooks, Kennedyton, ME 15308|0269 Kathryn Crest, West Davidtown, VT 49650|169 Joe Crossing Apt. 077, Nancyfort, MH 62615|440 Powers Ferry, Bowersberg, PR 29273"
42,Fowler and Sons,henrygarcia@farley-rosales.com,transport,"PSC 7921, Box 3100, APO AA 63036|Unit 3799 Box 9475, DPO AA 01903|63408 Thomas Inlet Apt. 696, New Bethchester, KS 50214|14295 Justin Lakes Suite 287, Walterstad, MD 23376|620 Lisa Oval Apt. 577, Victorchester, AZ 60346"
43,Jackson-Russo,watsonerin@alexander.org,hotel,"81127 Gonzalez Burgs Suite 569, Contrerasfort, GA 84420|9218 Fitzpatrick Lock, North Kimberlychester, WV 16804|138 Newman Summit, Port Paulshire, IL 44544|PSC 7411, Box 5320, APO AP 32252|4700 Schaefer Ridge Suite 781, South Scott, AZ 47720"
44,"Cowan, Ramos and Jones",smithjennifer@morales.com,transport,"5688 Thomas Spring Apt. 959, New Julieport, SC 85468|230 Woods Flat, West Morgan, AS 20558|9087 James Junctions Apt. 484, East Elizabethville, HI 55117|178 Taylor Rue Suite 013, Annatown, NC 83928|USS Castillo, FPO AA 65013|842 Larry Road, Amyburgh, PA 41553|524 Greer Knoll Suite 141, Josephberg, CO 83091|Unit 7870 Box 2016, DPO AP 22961|0245 Jeffrey Village, Parkstad, FM 49608"
45,White PLC,freemanshawn@johnson-branch.net,hotel,"2193 Holt Street, Tonyhaven, AK 02426|86146 Bryant Fall Suite 900, Alvarezton, OR 99302|190 Elizabeth Shore Apt. 999, East Sarahview, MT 19297|5989 Sean Gateway, Krauseberg, WI 72665|6477 Gabriela Ramp Suite 596, Natalieshire, ID 11782|96324 Cruz Tunnel, Robertsport, AK 30203|36158 Vasquez Squares, South Kimberly, ND 00860"
46,Briggs and Sons,ashley94@johnson.info,hotel,"9991 Miguel Well, Christianmouth, WV 42200|57996 Thomas Brooks Suite 761, Holmesborough, NC 42568|919 Ramos River Suite 739, Patelberg, FM 12617|9702 Nicole Tunnel Apt. 031, Thomasburgh, GA 12544|144 Burgess Orchard, Harperton, NV 49163|9800 John Meadow, Scottfort, MS 60618|0558 Briggs Shores Suite 064, Michaelmouth, OK 20122|173 Andrew Knoll Suite 175, Lindsayfurt, MO 74014|9692 Deanna Curve, Caseyport, SC 77058"
47,Phelps PLC,justin69@cole.com,online retail,"USCGC Schultz, FPO AP 91981|115 Robertson Crossroad, Schultzborough, AS 19613|7445 Taylor Vista, Mccormickport, AL 70737|51139 Kemp Trail, South Kellybury, HI 62220|841 Don Fall Suite 570, North Stephanieville, MA 11637|8195 Davis Course, North April, ND 39967"
48,"Peterson, Riley and Phillips",jcarrillo@foster.com,online retail,"821 Montgomery Lights Apt. 754, Ashleyshire, OK 57886|94448 Craig Viaduct, Lake Danny, RI 36350|73467 Krause Summit Apt. 084, North Joshuaport, ME 03424|0012 Edward Corner, South Paulashire, RI 67152|39299 James Viaduct, Port Wendyburgh, MT 24748|6614 Harris Isle, Port Jamie, NE 99330|3832 James Roads Apt. 575, Nortonfurt, PA 13614|1735 Dana Streets, New Gloria, DC 70103"
49,Meadows Group,farrellmatthew@robbins.info,transport,"5367 Jessica Courts, Greeneville, TX 19611"
50,Thomas PLC,ojones@brown.net,online retail,"5498 Phillips Springs, East Michaelmouth, IN 08004"
51,"Santos, Christensen and Wilson",patrickgomez@woods.com,transport,"124 John Corner, East Gina, DC 46025|893 Thomas Land Apt. 183, Port Annbury, CO 92881|912 Ibarra Point Apt. 274, New Kennethmouth, OH 80698|106 Jessica Motorway, East John, TX 29936"
52,"Wyatt, Larson and Christensen",michellerosales@brown.info,transport,"USS Parrish, FPO AP 86953|22149 Graham Ramp Apt. 170, West Ericaville, TN 01896|235 Victoria Islands, East Justinhaven, GA 44798|5304 Lowe Ville Apt. 482, West Brittneyside, MO 18490|70308 Anthony Gateway, Lake Ashley, MS 40139|66419 Lee Rue, Jenniferbury, MA 48353"
53,Mcpherson-Nelson,gabriellamoore@sanchez.com,transport,"6084 Mayo Plain Apt. 320, Morganmouth, OK 54090|4811 Schneider Track Apt. 343, Lake Joseph, OR 03122|19300 Heather Neck Apt. 374, Campbelltown, AK 28024|96763 Mckinney Parks Suite 483, Carlmouth, IN 67304|80497 Martin Terrace, South Ryan, TN 05326|1058 Kenneth Course Suite 898, Cochranchester, IN 16814|Unit 4818 Box 4040, DPO AA 15182|942 Martinez Canyon Suite 090, Jefferymouth, NC 13614|5247 Jennifer Neck, Johnsonview, TX 56419|7995 Kyle Brook Apt. 294, New Thomasview, PR 82116"
54,Mercer-Jackson,charles01@ward.com,online retail,"5759 Richardson Rapids Suite 131, Sethfort, CA 09834|348 Guerra Meadow Suite 779, North Gailchester, ND 37429|395 Nguyen Spurs Apt. 445, Ericport, LA 89215|757 Edwards Mountain, New Gregory, DE 44344|21230 Macdonald Centers, Santosborough, MD 15176"
55,"Goodwin, Wang and Casey",obernard@mitchell.info,online retail,"961 Melissa Throughway Apt. 597, Johnstad, NM 27314|0955 Golden Bypass Suite 257, Isaiahtown, NV 26076|185 Reid Road Suite 043, South Coleview, PA 17769|24644 Mclaughlin Freeway, Hullton, PR 34051|7455 Isaiah Turnpike Suite 755, Pattersonville, IN 25910|779 Justin Spring, New Loriville, MH 24406|679 Cox View, Baileyland, WY 86444|1413 Erica Forks Apt. 939, Cervantesburgh, NY 47275|0039 Warren Prairie Apt. 810, Melanieville, CT 65070"
56,Bennett Ltd,angelwolf@foster.info,hotel,"15073 Toni Highway Suite 071, Gregorychester, MT 82066|38550 Susan Views, North Jacobview, ID 53471|37696 Dennis Via, Hallland, NJ 35060|437 Vargas Flat, Smithchester, OK 57102|72400 Troy Roads, West Steven, OK 44787|3510 Morales Wall, Jerrybury, MO 79722|7744 Joan Canyon, Princeside, WI 44054|23183 Smith Turnpike Suite 564, Clarkville, AL 36142"
57,Hayden-Flores,jeremy83@long.com,hotel,"3035 Alexis Cliffs Suite 498, Smithstad, CA 80423|676 Dustin Landing Suite 749, Lake Emily, KS 21905|74826 Williams Knolls, South Kim, ME 47824|6742 Everett Prairie Suite 849, Lake Anthony, NH 37832|44196 Campbell Flat Suite 975, Watsonstad, VI 30456|94516 Coffey Place, Sheashire, IN 36101|Unit 5725 Box 6242, DPO AA 87182|528 Le Mission, Morganhaven, IA 76198"
58,Roberts LLC,keith42@adams.info,online retail,"USNS Barker, FPO AE 81443|86354 Davis Ways, New Rhondaland, OK 95751|USNS Greene, FPO AE 11100|743 Nicole Estates, New Morgan, PW 86314|1932 Roberson Run Suite 877, West Roberttown, FM 13036|52026 Scott Lock, New Mark, PW 18770"
59,Smith-Carson,aflores@howell-atkinson.com,hotel,"61048 Alexander Squares, North Cynthia, IN 53197|019 Greene Wells, Lauraborough, KS 00780|165 Chelsea Greens, Doylechester, KS 58289"
60,Nichols-Howard,kcantrell@williams-monroe.com,transport,"83348 Cochran Pike Apt. 692, Lake Michael, WY 25301|485 Solis Coves Suite 074, East Isabella, NV 74732|200 Sarah Mills, West Michael, WY 71603|76994 Smith Point, West Michelleland, NC 56446|498 Terry Forks Suite 212, Hesston, WI 41539|62010 Maldonado Place Apt. 253, Solisside, LA 80406|5009 Gonzalez Meadow, Pagemouth, TN 06935|950 Michael Throughway, Sandrastad, AR 47260|64704 Todd Skyway, West Janet, NJ 37697|6160 Clark Union Apt. 410, Adamsburgh, UT 62302"
61,Murphy and Sons,bassjeffrey@howell.com,transport,"68619 Ellis Parkway, Edwardland, AK 71122|4027 Freeman Branch Suite 598, Lake Nicole, LA 39167"
62,Carter and Sons,sean67@evans.com,transport,"511 Theresa Wells, Lake Robertbury, PA 92086|9286 Frank Ferry, Dodsonside, MS 51107"
63,Cameron-Murray,sherrygomez@morales.biz,hotel,"14457 Tamara Lake Apt. 729, Schultzview, VA 99942|688 Douglas Lights, Ronnieside, RI 90400|7836 Tanya Forks, North Roymouth, TN 30416|8614 Garcia Plaza Suite 230, East Chelsea, IN 89528|975 Dana Forks, New Jenniferburgh, ND 78353|7100 Diaz Mountains, Port Steven, MP 19201|144 Cole Island Suite 856, Jameshaven, AZ 07357"
64,Crawford-Stanley,kyleblankenship@wise-ray.com,hotel,"782 Keith Lake, West Sara, MA 76449|11445 Thomas Pike, Brendamouth, AK 03973|PSC 3005, Box 6365, APO AE 76176|61350 Morris Ports Suite 476, Shelbyland, MA 15459|8034 Victoria Prairie, Sabrinatown, PR 90400|823 Cruz Ranch Apt. 443, North Edward, MH 63919|257 Carol Mountain Suite 385, Michaelchester, WI 88486|2606 Jamie Squares, East Bradleyburgh, VT 31128|79185 Jenkins Ramp Apt. 864, Bakerhaven, ND 61636|8256 Blake Cape, Johnhaven, KS 20239"
65,"Johnston, Flores and Sellers",wnovak@burns.info,hotel,"55018 Heather Forges Suite 470, North Donna, MH 07896|513 Jill Causeway, Hollowayborough, NY 33915|298 Floyd Cliffs Apt. 258, Williamsonborough, PW 99201"
66,Rodriguez-Byrd,thompsonmegan@diaz-ruiz.com,hotel,"8920 Valdez Place Suite 383, North Jacob, TX 57112|6001 Chambers Flats, North Latashaborough, IA 11952"
67,"Flynn, Parker and Palmer",afigueroa@lopez-foster.com,transport,"1634 Wells Throughway Apt. 503, Armstrongland, IA 84165|USCGC Bradley, FPO AP 35184|02154 Richard Radial Apt. 028, Devinside, DC 10146|697 Daniel Mews Suite 585, Johnsonstad, NH 94321|24777 Price Mountain, Josephberg, SC 28651|45729 Meredith Plains Apt. 352, East David, AR 44929|560 Banks Ford Apt. 029, Barberberg, PA 81923|243 Watts Parkway Suite 155, East Saratown, FL 28800"
68,Smith and Sons,rachel55@white.net,hotel,"3234 Baker Drive, Richardfort, NJ 91452|9306 Gilbert Vista, Morrismouth, VT 18248|USS Russell, FPO AP 05094|0783 Martin Square Apt. 626, Baileyton, ID 02886|53388 Linda Drive, East Christina, MS 29007"
69,"Porter, Rangel and Burke",timothyward@williams.com,transport,"9597 Jones Union, North Jenniferville, GA 37331|0551 Derek Circle Suite 412, Jeremyport, IA 44245"
70,"Morris, King and Stokes",florestimothy@jones.com,online retail,"21950 Joseph Keys Suite 570, Lake Kellyport, NE 49397"
71,"Spencer, Mack and Gutierrez",julielopez@murray-smith.net,online retail,"PSC 8967, Box 0249, APO AE 08805|8265 James Path, North Karafort, VA 61403|USS Hall, FPO AA 14815|69963 Dawn Throughway Apt. 871, Whitneyview, GU 40602|40900 Sabrina Square Apt. 095, Hudsonfurt, MS 21524|7001 Weiss Common, Kleinside, KY 88295|076 Fuller Mall Apt. 164, Weeksburgh, WY 72892"
72,Middleton-Landry,cherylmclaughlin@anderson.com,online retail,"93643 Laura Springs Suite 476, Lake Johnview, NY 96017"
73,Medina-Herman,sharonclark@cochran.com,online retail,"72252 White Alley, Justinland, IL 34952|07925 John Lock, Longside, UT 90047|Unit 4494 Box 3947, DPO AA 25653|840 Reed Mountains Suite 728, Powellside, GU 39439|170 Deborah Junctions, Jessicabury, DC 24682|4212 Gaines Forges, Cunninghamhaven, MS 43723|1301 Thomas Hollow, East Darin, AZ 11860"
74,Williams LLC,wnelson@wiggins.com,transport,"153 Davis Isle, West Glennmouth, VI 16132|894 Miller Port Suite 187, Sheilahaven, PR 26431|25835 Harper Falls, Kevintown, SD 82891|12380 Parsons Crescent Apt. 784, North Aprilville, HI 95286|37222 Johnson Via, Lake Elizabeth, NC 64846|900 Brenda Avenue, West Samanthaberg, MN 92634|543 Rivera Junctions Apt. 462, South Jasontown, NY 52262|669 Kevin Mountains, South Anneside, ND 68073|253 Watkins Cove, Lyonsfort, MP 68521"
75,Andrews and Sons,cameronpayne@edwards-fowler.com,online retail,"432 Flores Place Suite 319, West Tammy, NH 73118|USCGC Schmidt, FPO AE 79557|01632 Morris Village Suite 204, New Erica, TN 29274"
76,"Hawkins, Reyes and Wu",jasonwilson@jackson.biz,transport,"37335 Mark Square Apt. 098, Dustinshire, GU 62661|803 Kevin Ways Suite 967, Port Theresa, UT 32192|013 Natalie Coves, Butlerland, CT 27782|0803 Amanda Squares Apt. 794, West Andrewview, CA 47796|50435 Sean Mountain, North Alexander, ND 37517|512 Cummings Square Apt. 881, Amyburgh, UT 48163|223 White Rapid, Pachecoborough, MS 12777|044 Mcguire Fork, Alexandermouth, MT 79575|515 Paul Plaza Suite 983, West Crystal, HI 33749"
77,"Perry, Hensley and Farrell",ryan91@taylor.com,online retail,"91529 Kelli Locks Apt. 384, South Jessicachester, PA 48043|859 Jordan Way, Woodside, MO 18142|6066 Wilson Point Apt. 235, South Debraland, WV 36614|48462 Short Junction, Amandatown, GA 49450|4399 Stewart Alley Apt. 083, Lake Randy, MS 77575|Unit 1809 Box 5795, DPO AA 92209|317 Banks Park, Coffeychester, NE 21550|86725 Tanya Expressway, Thomasland, AK 06549|4644 Lester Roads, Port Omar, MI 87947"
78,"Ballard, Yang and Schwartz",apace@smith.com,hotel,"4514 Ewing Street, West Cassandra, FM 22784|47747 Christina Lake, South Edward, PW 43745|102 Waters Ranch Apt. 361, South Christine, MI 02561|0788 Krueger Isle, South Amanda, CO 67461|8959 Daniel Plaza, New Shane, OH 53393"
79,Kelley PLC,kristenschultz@burke.com,hotel,"9105 William Rapid, South Carl, AK 74790|6697 Nicholas Points Apt. 662, South Virginia, NV 83860|0629 Rebecca Land, Rhondamouth, GU 35836|16182 Freeman Cape Apt. 771, Turnerville, MA 14260|20513 Tiffany Ports, Hortonfurt, WY 56041|38585 Joel Crescent Apt. 184, Christopherside, MS 21159"
80,"Dixon, Dennis and White",mezahoward@wade.com,online retail,"501 Young Squares, South Michelleside, IA 31004|34640 Hayes Passage Suite 124, Charlesbury, TN 96314|785 Pamela Walks, New Kyletown, NM 98859|41718 Espinoza Grove, Port Calvin, DC 95146"
81,Stewart-Noble,vhunt@martin.org,hotel,"6159 Blair Well Apt. 695, East Stephen, MT 47880|46956 Robbins Junctions, Maddenton, RI 35782|28305 Hayes Orchard Suite 863, Johnfurt, IL 39460|0376 Coleman Stravenue, East Taraview, AZ 98172"
82,Sanchez Ltd,revans@harvey-schmidt.com,online retail,"Unit 4269 Box 1760, DPO AP 08099|7924 Shelton Forest Apt. 339, Port Christinaport, GA 86753|4533 Kevin Lakes Suite 508, New Jonathan, CO 02797|32811 Timothy Pike Suite 716, South Donnahaven, AL 93842|892 Williams Club Apt. 877, North Johnberg, NY 43042|74647 Megan Corners, Victoriamouth, CT 33699|902 Rivera Plains Apt. 075, Jonesview, NM 89781|45210 Rebecca Village Apt. 504, North Loganfort, MH 82325|046 Erik Street Suite 778, West Jessica, TX 20789|63935 Deanna Keys Suite 108, Jenniferbury, AZ 37611"
83,Jenkins-Fischer,perezjames@goodman-duffy.com,online retail,"50958 Mandy Spur Suite 436, Port Jimmy, MS 11548|266 Hill Cape, Montgomerymouth, NJ 01589|49693 Cordova Mount Apt. 908, North Brittanystad, CT 51140|USNS Jennings, FPO AA 13822|PSC 0835, Box 4031, APO AE 54805|USCGC Meyers, FPO AE 91889|66872 Michele Wells Suite 189, Port Thomas, SC 39314|37948 Latoya Spurs Suite 925, Mooreside, SD 11874"
84,Marks-Wells,brandimarshall@mendez.biz,transport,"6887 Kathryn Drive, Chandlerborough, CT 56730|063 Fitzgerald Key Apt. 003, Karenborough, SD 00872|7113 Tammy Passage Apt. 230, Rileystad, MO 51809|574 Jones Curve, Port Andrewborough, MN 52369|3648 Melissa Fields Apt. 922, South Melissa, AK 34221"
85,Smith-White,sean93@anderson-johnson.com,hotel,"8911 Berger Stravenue Suite 983, North Alexa, TX 92252|27084 Cynthia Estate Suite 685, Michellechester, MD 13227|98471 Daniel Drives, Yushire, NM 17730|Unit 5100 Box 7187, DPO AA 61015|2718 Love Glens, Port Williamview, TN 19156|6208 Lisa Points Apt. 446, Johnhaven, MD 53087|9842 Middleton Streets Suite 258, Floresfurt, SC 24661|681 Jessica Falls Suite 845, Warrenmouth, KS 99516|134 Little Junction, New Juanland, MT 02175|Unit 6687 Box 6689, DPO AE 16014"
86,Vance-Johnson,nflowers@gonzalez-herrera.com,online retail,"531 Dyer Squares Apt. 781, Carlosborough, WV 28760|1368 Brandon Falls Suite 516, Julialand, FL 14804|167 Lori Parkway Apt. 915, West Arthurfort, PR 81668|USS Sanders, FPO AA 04513"
87,"Hernandez, Horne and Evans",toddross@davis.com,transport,"673 John Ways Apt. 292, Justinport, AK 75333|Unit 6374 Box 2826, DPO AA 80673|3839 Sharon Dale, Fletcherport, SC 40290|82055 Jeffrey Station, Port Kellifurt, FL 40115|26470 Willis Dale, Port Darrell, DE 48377"
88,"Perkins, Bridges and Mason",calebgarcia@ward.org,transport,"54503 Brooks Summit Apt. 307, South Brianview, DC 81015|USCGC Rowland, FPO AP 15785|145 Troy Branch Suite 904, Tannerview, NV 77185|6782 Pittman Drive, Jeffersonview, NM 98411"
89,Martin-Reyes,jacksonkayla@hardy.com,online retail,"04524 Vaughn Locks, Monicaview, TN 63625|81360 Sarah Drive Apt. 383, North Jenniferburgh, ME 18324|37293 Blair Square, Lake Drewtown, OK 27465|99587 Brittany Shoals Suite 635, Ramirezburgh, VA 73652"
90,Williams Inc,roykim@carpenter-sullivan.com,hotel,"00741 Johnson Turnpike, Mullinstown, AZ 76100|21720 Weaver Forks, Ryanstad, WY 50143|0647 Wu Parkways, Lake Davidfurt, RI 71644|09449 Shaffer Island, South Charles, ID 39112|5071 Bill Islands, Lake Jennifermouth, IL 91610|6878 Hardy Center, Port Emilyland, TN 37603"
91,Thomas-Dunn,lanecurtis@gonzalez-oliver.com,online retail,"3384 Pamela Lodge, Gilmorehaven, GA 18718|536 Brianna Landing, Lake Raymond, GU 88060|993 Harrell Cliff Suite 380, Josefurt, MD 25706|4461 Jones Grove, West Nathanberg, MI 04912|77023 William Expressway, Jeffreyhaven, NV 15744|91710 Robinson Lake Suite 405, Edwardburgh, NM 60245|09864 Timothy Brooks, Port Janetchester, VA 86866"
92,Vargas-Miller,ahayes@crawford.com,hotel,"085 Buck Spring, Port Brianburgh, GA 95137|51467 Lori Trail, Marilynbury, MD 04254|4651 Heather Crossroad Suite 495, Robertmouth, DE 76580|72447 Christensen Plains, New Jessicaland, WI 75257|8607 Simpson Streets, Benjaminstad, NJ 63427|9157 Justin Haven, East Sherry, PA 18172|PSC 8676, Box 2739, APO AE 57680|82467 Phillips Rest, Lake Brandy, NM 69213|396 Harrington Burgs, Ortizchester, KY 42120|31200 Anthony Parkways Apt. 597, Everetttown, RI 19513"
93,"Wright, Juarez and Logan",marylewis@hansen.org,hotel,"08321 Robert Skyway, Dennisside, KY 14561|4888 Jackie Junction, West Albert, MO 09864|2876 Strickland Points Apt. 985, Katherinefurt, OK 93371|5684 Smith Trail Apt. 746, Mitchellmouth, WY 55373|32340 Douglas Loop, Monicahaven, ME 20820|PSC 6885, Box 4456, APO AE 31635"
94,Gonzalez Inc,chad37@porter.com,hotel,"22631 Ryan Shoal, Gonzalezmouth, MP 27136|4919 Allison Stream Suite 704, Vickibury, IA 13714|Unit 9792 Box 8314, DPO AP 16154"
95,Guerra PLC,beckythomas@gonzalez-fischer.biz,online retail,"14680 James Wells Suite 695, Payneton, VI 67939|539 Porter Roads Suite 537, New Jacobmouth, TN 36857|23429 Wright Lodge, Lake Marissamouth, NJ 18545|5166 Amy Fort Apt. 980, Lake Eric, WA 19611|45350 Frank Loop Apt. 327, Erikbury, AZ 24534|69057 Kristin Mount Apt. 435, Richardsview, CA 25157|379 Buckley Drive Suite 565, East Denise, VA 27378"
96,Smith and Sons,omar76@miller-bowen.org,transport,"99050 Collins Trafficway, Elijahberg, MN 56163|16265 White Road, North Mackenzieville, PR 24211|41162 Hopkins Village Apt. 604, East Markside, GA 56105"
97,Smith Group,millsbrittany@martin.com,hotel,"17390 Carlos Gateway, Lake Jonathanborough, AZ 10979"
98,"Rogers, Rodriguez and Lee",hamiltonchristina@mullins.com,transport,"Unit 3194 Box 2130, DPO AP 42630|0664 Brooks Junction, Staceychester, NE 75286|9556 Jennings Stream Suite 398, Craigburgh, WA 44556|647 Kevin Fort, Barnesstad, MD 90389"
99,"Horn, Scott and Roy",henry76@rodgers-mitchell.com,transport,"514 Teresa Cliff Apt. 150, Andrewsmouth, MD 13958|Unit 9131 Box 6002, DPO AA 50102|616 Rhonda Pine, Guzmanton, TX 25424|5742 Victoria Passage Apt. 554, Farrellshire, MN 65533|9647 John Locks, Daleberg, GA 77061|322 Aaron Manor Apt. 352, Elizabethmouth, MT 54890|67098 Sampson Club, Aprilberg, IN 95330|152 Chandler Rapids, North Allison, UT 52322|26470 Cody Rue, Tranview, ND 06633|7473 Lopez Ridges Apt. 817, South Heatherborough, PA 00701"
100,Garza and Sons,bhobbs@stewart-olson.org,hotel,"43052 Peters Ways, Davidborough, NY 13653|USS Greene, FPO AA 83829|366 Gabriel Turnpike, East Heather, WI 36935|205 Anthony Fork, South Bobbyside, PA 19838|2543 Mcclain Row, Nicoletown, CA 25827"
